"group","res","area_km2","n_cells","n_cells_all","frac_cells_all","records","median_n","q25_n","q75_n","frac_eligible","median_es","median_sp","median_sp_elig","frac_n_ge_10","frac_n_ge_30","frac_n_ge_100"
"all taxa",1,609788.442,842,842,1,127329658,10427.5,2324.75,43667.25,0.985748218527316,31.9287748650843,554.5,569.5,0.995249406175772,0.989311163895487,0.972684085510689
"all taxa",2,86801.78,5799,5799,1,127329658,707,123,3683,0.846697706501121,25.8417361107033,80,109,0.949646490774271,0.890843248836006,0.774443869632695
"all taxa",3,12393.435,36893,36893,1,127329658,65,11,380,0.541918521128669,21.589338214473,15,49,0.76467080475971,0.614940503618573,0.436668202640067
"all taxa",4,1770.348,182038,182038,1,127329658,13,3,66,0.288846284841626,20.4546643864781,4,36,0.546797921313132,0.362946198046562,0.19931552752722
"all taxa",5,252.904,657311,657311,1,127329658,5,1,20,0.148547643352994,21.8687362046375,2,38,0.365122445843748,0.199616315564474,0.101086091667415
"all taxa",6,36.129,1805298,1805298,1,127329658,2,1,10,0.0990916735076425,19.9552628291219,1,32,0.250197474322799,0.135312840317776,0.0633474362681397
"all taxa",7,5.161,3792953,3792953,1,127329658,2,1,7,0.0664827642209118,15.9958555595571,1,23,0.207566769216492,0.0965158281687118,0.0409527879728539
"fish",1,609788.442,830,842,0.985748218527316,49347730,947,118,8631.75,0.836144578313253,29.639498434077,109.5,152,0.933734939759036,0.87710843373494,0.772289156626506
"fish",2,86801.78,4912,5799,0.847042593550612,49347730,71,11,609,0.554560260586319,25.4713692388478,20,66,0.771376221498371,0.623371335504886,0.454193811074919
"fish",3,12393.435,21481,36893,0.582251375599707,49347730,17,3,119,0.344816349331968,21.9864253393665,7,48,0.588659745821889,0.416228294772124,0.269214654811229
"fish",4,1770.348,66094,182038,0.363078038651271,49347730,10,2,59,0.26934366205707,20.4269987629798,4,40,0.508321481526311,0.334977456350047,0.201864011861894
"fish",5,252.904,170687,657311,0.259674644118233,49347730,8,2,45,0.240158887320065,18.4256592558091,4,31,0.470680250985722,0.301540246181607,0.172608341584303
"fish",6,36.129,391413,1805298,0.216813512229006,49347730,7,2,33,0.197126820008533,15.1341708138454,4,22,0.45472429377665,0.265113831170656,0.129262441462087
"fish",7,5.161,740349,3792953,0.195190660153184,49347730,6,2,20,0.14735347788678,11.5156545070436,4,16,0.41012009201066,0.197709458647206,0.0981672157320399
"hardCorals",1,609788.442,472,842,0.560570071258907,973555,82.5,6,605.25,0.574152542372881,20.7153095158855,12,50,0.707627118644068,0.603813559322034,0.461864406779661
"hardCorals",2,86801.78,1391,5799,0.239868942921193,973555,25,4,189,0.411214953271028,18.7628185452376,6,37.5,0.631919482386772,0.478792235801582,0.319194823867721
"hardCorals",3,12393.435,3556,36893,0.0963868484536362,973555,11,3,65.25,0.282902137232846,17.2688390587792,3,26,0.532058492688414,0.35095613048369,0.204161979752531
"hardCorals",4,1770.348,7793,182038,0.042809743020688,973555,7,2,27,0.181059925574233,15.8328578993302,2,23,0.422302065956628,0.236879250609521,0.116129860130887
"hardCorals",5,252.904,14349,657311,0.021829849188588,973555,4,2,15,0.122586939856436,15.6163720131928,2,23,0.327270193044811,0.168304411457244,0.0773573071294167
"hardCorals",6,36.129,22318,1805298,0.01236250192489,973555,3,2,11,0.100636257729187,15.2937320970257,1,21,0.274710995608926,0.137377901245631,0.0620127251545837
"hardCorals",7,5.161,31520,3792953,0.00831014779249835,973555,3,1,9,0.0861992385786802,14.7671171551899,1,20,0.246256345177665,0.120526649746193,0.0506027918781726
"mangroves",1,609788.442,78,842,0.0926365795724466,89820,10,3.25,111,0.294871794871795,5.27294850420312,3.5,6,0.512820512820513,0.346153846153846,0.256410256410256
"mangroves",2,86801.78,126,5799,0.0217278841179514,89820,10.5,2,161.25,0.333333333333333,4.01486625383058,3,5.5,0.507936507936508,0.396825396825397,0.317460317460317
"mangroves",3,12393.435,235,36893,0.00636977204347708,89820,15,3,229,0.365957446808511,3.84494083980241,3,5.5,0.565957446808511,0.412765957446808,0.314893617021277
"mangroves",4,1770.348,447,182038,0.00245553126270339,89820,18,3.5,162,0.373601789709172,3.76161717749539,3,5,0.595078299776286,0.431767337807606,0.297539149888143
"mangroves",5,252.904,968,657311,0.0014726666676809,89820,15,4,65,0.294421487603306,2.9999835346455,2,3,0.590909090909091,0.377066115702479,0.173553719008264
"mangroves",6,36.129,2208,1805298,0.00122306677346344,89820,10,3,27,0.137228260869565,2.54141054101996,2,3,0.502264492753623,0.234148550724638,0.0439311594202899
"mangroves",7,5.161,5547,3792953,0.00146244891513288,89820,5,2,10,0.0263205336217775,2.87764226862748,2,3,0.276185325401118,0.050477735712998,0.0124391563007031
"marineMammals",1,609788.442,730,842,0.866983372921615,4855260,212,39,1993,0.717808219178082,4.07993558152704,6,9,0.871232876712329,0.793150684931507,0.627397260273973
"marineMammals",2,86801.78,3884,5799,0.669770650112088,4855260,33,6,259,0.43254376930999,2.99999995372931,2,5,0.694387229660144,0.51956745623069,0.34140061791967
"marineMammals",3,12393.435,18589,36893,0.503862521345513,4855260,8,2,56,0.262897412448222,2,2,3,0.469847759427618,0.32018935929851,0.188068212383668
"marineMammals",4,1770.348,73360,182038,0.402992781726892,4855260,4,1,18,0.127385496183206,2,1,2,0.348705016357688,0.183969465648855,0.0693157033805889
"marineMammals",5,252.904,217692,657311,0.331185694442965,4855260,3,1,8,0.0433594252430039,2.03092783505152,1,3,0.219998897524944,0.073861235139555,0.0229131065909634
"marineMammals",6,36.129,589527,1805298,0.326553843188216,4855260,2,1,3,0.0154344075843854,1.99999999999996,1,2,0.0866728750337135,0.0269724711506004,0.00695981693798588
"marineMammals",7,5.161,1183783,3792953,0.312100624500225,4855260,1,1,2,0.005848200219128,1.88848061859825,1,2,0.0401306658399386,0.0102873584094382,0.00307319838179802
"seabirds",1,609788.442,817,842,0.970308788598575,23744889,867,123,6455,0.813953488372093,13.9127294751236,27,38,0.930232558139535,0.8531211750306,0.763769889840881
"seabirds",2,86801.78,5058,5799,0.872219348163476,23744889,84,11,590,0.569592724396995,11.1556198748219,9,22,0.761565836298932,0.635429023329379,0.481217872676947
"seabirds",3,12393.435,26361,36893,0.714525790800423,23744889,17,3,96,0.348848677971245,10.5406441699133,4,17,0.58829331208983,0.420659307310041,0.24562801107697
"seabirds",4,1770.348,112475,182038,0.617865500609763,23744889,6,2,22,0.153082907312736,11.072677004956,2,17,0.40143142920649,0.208170704601022,0.100511224716604
"seabirds",5,252.904,379397,657311,0.577195574088978,23744889,2,1,8,0.0789146988510716,10.3553976300064,1,15,0.218915805870895,0.108709346673801,0.0518032562197382
"seabirds",6,36.129,911344,1805298,0.504816379345681,23744889,2,1,5,0.0540322863814323,8.76933829015962,1,11,0.162585148966801,0.0789175108411313,0.03000074615074
"seabirds",7,5.161,1750076,3792953,0.461401973607371,23744889,1,1,4,0.0310192243079729,8.04209101472272,1,10,0.136931196130911,0.0519331731879073,0.0152096251819921
"seagrasses",1,609788.442,220,842,0.261282660332542,311078,57,9,328.25,0.513636363636364,5.29409548545465,5,8,0.745454545454545,0.568181818181818,0.381818181818182
"seagrasses",2,86801.78,544,5799,0.0938092774616313,311078,19,4,93,0.34375,4.56987512743681,3,6,0.639705882352941,0.420955882352941,0.231617647058824
"seagrasses",3,12393.435,1133,36893,0.0307104328734448,311078,11,4,51,0.255957634598411,4.19150488531676,2,5,0.537511032656664,0.315975286849073,0.183583406884378
"seagrasses",4,1770.348,2122,182038,0.0116569067996792,311078,8,2,34,0.205466540999058,3.99870036955767,2,5,0.4688972667295,0.264844486333647,0.14703110273327
"seagrasses",5,252.904,3975,657311,0.00604736570664419,311078,6,2,22,0.154716981132075,3.99692166772825,2,5,0.397987421383648,0.210566037735849,0.107421383647799
"seagrasses",6,36.129,7261,1805298,0.00402205065313317,311078,4,2,14,0.115135656245696,3.81263931706322,2,4,0.325712711747693,0.159619887067897,0.069549648808704
"seagrasses",7,5.161,12420,3792953,0.00327449351468368,311078,4,2,11,0.0776167471819646,3.5467293358159,2,4,0.277697262479871,0.118115942028986,0.044122383252818
"seaTurtles",1,609788.442,539,842,0.640142517814727,447633,40,11,235,0.463821892393321,2.59770263153528,2,3,0.766233766233766,0.576994434137291,0.339517625231911
"seaTurtles",2,86801.78,2631,5799,0.453698913605794,447633,8,3,36,0.219308247814519,1.78892005610098,1,2,0.445458000760167,0.267198783732421,0.154694032687191
"seaTurtles",3,12393.435,10772,36893,0.291979508307809,447633,2,1,10,0.0980319346453769,1,1,1,0.256034162643892,0.138321574452284,0.0467879688080208
"seaTurtles",4,1770.348,25130,182038,0.138048099847285,447633,2,1,8,0.0301233585356148,1.21459227467855,1,2,0.20791882212495,0.0552725825706327,0.0156784719458814
"seaTurtles",5,252.904,56528,657311,0.085998865073002,447633,2,1,4,0.0109326351542598,1.97130894340535,1,2,0.0757323804132465,0.019565525049533,0.00520096235493914
"seaTurtles",6,36.129,102901,1805298,0.0569994538297832,447633,1,1,2,0.0043342630295138,1,1,1,0.0319627603230289,0.00778418091175013,0.00229346653579654
"seaTurtles",7,5.161,152272,3792953,0.0401460287011202,447633,1,1,2,0.00332956814122097,1,1,1,0.0170287380477041,0.00533256278238941,0.00176657560155511
