"group","place","n_cells","n_cells_occupied","n","sp","shannon","simpson","maxp","es","hill_1","hill_2","hill_inf"
"all taxa","American Samoa",927,18,74285,821,4.9960593522622,0.0117639159063188,0.0332099347109107,39.0327972533833,147.829465942798,85.0057079601243,30.1114714227807
"all taxa","Channel Islands",97,97,1773440,2063,3.60717068888104,0.083677816387167,0.265073529411765,26.3070582404416,36.8616121677822,11.9505986553607,3.77253814147018
"all taxa","Chumash Heritage",300,297,295407,2246,4.4716482085798,0.0410291396410462,0.17374672908902,32.6167866276093,87.5008238352988,24.3729215077078,5.75550403304368
"all taxa","Cordell Bank",89,88,31104,891,4.11149126846052,0.0411041083530733,0.103170010288066,27.8490646489237,61.0376732901484,24.328468371343,9.69273917108133
"all taxa","Florida Keys",303,296,1321656,4338,4.51533310045112,0.0222914064640941,0.060598975830322,33.2340206452558,91.408009000856,44.8603367226178,16.5019290556991
"all taxa","Flower Garden Banks",8,8,6746,340,3.70045753643791,0.0508991328128564,0.10005929439668,23.851872673241,40.4658147098844,19.6467001447108,9.99407407407407
"all taxa","Gray's Reef",2,2,8430,790,5.72614857230092,0.00553747349253992,0.0198102016607355,44.2542772570114,306.785428207501,180.587771904859,50.4790419161677
"all taxa","Greater Farallones",233,230,118860,2007,4.69550054106774,0.028928375147501,0.117684671041561,33.3646094624462,109.45358094505,34.5681357802215,8.49728338575922
"all taxa","Hawaiian Islands Humpback Whale",86,86,91467,2023,3.8813575763826,0.134182590287904,0.354171449812501,26.1575100261145,48.4899992855164,7.45253164255052,2.82349127951844
"all taxa","Lake Ontario",116,75,21670,80,1.84654537377353,0.24402142384541,0.365113059529303,9.38104592277463,6.33788663006936,4.09800084042419,2.73887765419616
"all taxa","Mallows Bay-Potomac River",1,1,98,30,2.66103222702859,0.142024156601416,0.336734693877551,20.5055155942967,14.3110537336105,7.04105571847507,2.96969696969697
"all taxa","Monterey Bay",417,414,1506459,3323,4.30333081391402,0.0356731031407253,0.12963910733714,30.8103278545542,73.945683276792,28.0323244113399,7.71372173521219
"all taxa","Olympic Coast",265,259,17665,891,4.59471186661686,0.0514182425714157,0.187829040475517,31.8386300750144,98.9596178699264,19.4483504295403,5.32399035563593
"all taxa","Papahānaumokuākea",39394,5462,331120,2803,5.04385623596067,0.0140509673954799,0.0600930176371104,38.2673662049633,155.066837857922,71.1694769373455,16.6408684289878
"all taxa","Stellwagen Bank",61,61,34627,636,4.13036158980033,0.0585042942689009,0.207756952666994,29.5209810827155,62.2004099027836,17.0927623774716,4.81331665276619
"all taxa","Thunder Bay",282,118,7787,44,1.97892169026711,0.19023571091945,0.297290355721074,9.23778718584296,7.23493727415069,5.25663659660317,3.36371490280778
"all taxa","Wisconsin Shipwreck Coast",65,42,2832,68,2.19820042406985,0.194776854112803,0.308262711864407,11.8343378910696,9.00878690724279,5.13408025073072,3.24398625429553
"fish","American Samoa",927,9,63435,456,4.71000199999664,0.0146228927268245,0.0388902025695594,37.0098885706337,111.052382009868,68.3859219021405,25.7134171057965
"fish","Channel Islands",97,90,200106,316,3.06159521710822,0.0706579527722425,0.129766223901332,18.3653079170808,21.3616063968288,14.1526885618011,7.70616551777256
"fish","Chumash Heritage",300,234,42512,395,4.17991473324517,0.0278639727254854,0.0691569439217162,30.6302897447799,65.3602799174418,35.8886369094585,14.4598639455782
"fish","Cordell Bank",89,47,2063,153,3.86629480385472,0.0396555989951994,0.11100339311682,27.7200247386178,47.7650788186559,25.2171200369727,9.00873362445415
"fish","Florida Keys",303,244,1249798,839,4.20155763717258,0.024893680632933,0.0640831558379834,31.7095242965958,66.7902850893841,40.1708375207904,15.6047246257382
"fish","Flower Garden Banks",8,6,282,62,3.49632087909934,0.04401187063025,0.0815602836879433,25.6415253500339,32.9938400568785,22.7211428571429,12.2608695652174
"fish","Gray's Reef",2,2,376,57,2.8652024278551,0.104034631054776,0.191489361702128,18.4388188121754,17.5526059813641,9.61218384552624,5.22222222222222
"fish","Greater Farallones",233,148,23751,312,3.79808362333888,0.0490079008544293,0.13136288998358,26.0097135980559,44.6156022167438,20.4048731442375,7.6125
"fish","Hawaiian Islands Humpback Whale",86,66,32483,447,4.48210484971425,0.0221024699092411,0.0750546439676138,34.0451299298213,88.4205889955362,45.24381230271,13.3236259228876
"fish","Lake Ontario",116,73,21342,32,1.74797852432428,0.251560625045134,0.370724393215256,8.70207631902045,5.74298163645448,3.97518490749729,2.6974216380182
"fish","Mallows Bay-Potomac River",1,1,2,1,0,1,1,NA,1,1,1
"fish","Monterey Bay",417,314,128489,477,3.55414579997371,0.0844935295907242,0.252496322642405,24.3931500491469,34.9579461318895,11.8352257840792,3.96045371882995
"fish","Olympic Coast",265,153,2664,161,4.17113499133568,0.0263261572383194,0.088963963963964,31.9586753360025,64.7889452839995,37.9850348437651,11.2405063291139
"fish","Papahānaumokuākea",39394,427,205124,789,4.28823945182023,0.0255146244421296,0.0970047385971412,32.5535310127136,72.8381205308748,39.1932086740342,10.3087747512313
"fish","Stellwagen Bank",61,61,10136,83,3.50788036002886,0.0391197667522795,0.0986582478295185,24.9657097600309,33.3774445849431,25.5625246012422,10.136
"fish","Thunder Bay",282,110,7738,25,1.93648813028811,0.192648906642129,0.29917291289739,8.94625078378687,6.93435560561544,5.19078990600052,3.34254859611231
"fish","Wisconsin Shipwreck Coast",65,34,2489,16,1.6181216291218,0.251146184231107,0.350743270389715,6.7987266777676,5.04360764764102,3.98174474783097,2.85108820160367
"hardCorals","American Samoa",927,9,7275,121,2.8869813686851,0.100811563396748,0.221305841924399,17.5264402644671,17.939076330036,9.91949699326119,4.51863354037267
"hardCorals","Channel Islands",97,29,1039,12,1.19685435963076,0.368327248844626,0.490856592877767,4.67561228480575,3.30968943807052,2.71497697533053,2.03725490196078
"hardCorals","Chumash Heritage",300,8,86,7,1.5485939110423,0.252028123309897,0.36046511627907,6.47974617270094,4.70485009170155,3.96781115879828,2.7741935483871
"hardCorals","Cordell Bank",89,8,61,9,1.58526527147689,0.314700349368449,0.524590163934426,8.60343191497314,4.8805858870334,3.17762596071734,1.90625
"hardCorals","Florida Keys",303,130,23147,79,2.97502524651582,0.0784891778949512,0.160841577742256,18.7075544122348,19.5901178255723,12.7406099390974,6.21729787805533
"hardCorals","Flower Garden Banks",8,7,4839,37,2.63110194866417,0.0913041601054257,0.13949163050217,14.1795990026235,13.8890665108314,10.9524034703932,7.16888888888889
"hardCorals","Gray's Reef",2,1,17,4,0.916068137015288,0.529411764705882,0.705882352941177,NA,2.49944357478382,1.88888888888889,1.41666666666667
"hardCorals","Greater Farallones",233,12,55,6,1.72122204682374,0.190082644628099,0.254545454545455,5.99999971254133,5.59135719121012,5.26086956521739,3.92857142857143
"hardCorals","Hawaiian Islands Humpback Whale",86,46,15418,72,1.85318366586881,0.201666153418414,0.269230769230769,7.89472585625843,6.38009932788047,4.95869030597918,3.71428571428571
"hardCorals","Lake Ontario",116,0,NA,NA,NA,NA,NA,NA,NA,NA,NA
"hardCorals","Mallows Bay-Potomac River",1,0,NA,NA,NA,NA,NA,NA,NA,NA,NA
"hardCorals","Monterey Bay",417,39,376,13,1.74421060474009,0.245982344952467,0.345744680851064,8.80105198378916,5.72138325950164,4.0653324131585,2.89230769230769
"hardCorals","Olympic Coast",265,7,333,4,0.573705225697242,0.684982279576874,0.810810810810811,2.96001328288239,1.77483103295923,1.45989178087602,1.23333333333333
"hardCorals","Papahānaumokuākea",39394,178,50052,109,2.59035899089128,0.117289301792163,0.264524894110125,14.6099584629229,13.3345577288206,8.52592678718472,3.78036253776435
"hardCorals","Stellwagen Bank",61,0,NA,NA,NA,NA,NA,NA,NA,NA,NA
"hardCorals","Thunder Bay",282,0,NA,NA,NA,NA,NA,NA,NA,NA,NA
"hardCorals","Wisconsin Shipwreck Coast",65,0,NA,NA,NA,NA,NA,NA,NA,NA,NA
"mangroves","American Samoa",927,0,NA,NA,NA,NA,NA,NA,NA,NA,NA
"mangroves","Channel Islands",97,0,NA,NA,NA,NA,NA,NA,NA,NA,NA
"mangroves","Chumash Heritage",300,0,NA,NA,NA,NA,NA,NA,NA,NA,NA
"mangroves","Cordell Bank",89,0,NA,NA,NA,NA,NA,NA,NA,NA,NA
"mangroves","Florida Keys",303,0,NA,NA,NA,NA,NA,NA,NA,NA,NA
"mangroves","Flower Garden Banks",8,0,NA,NA,NA,NA,NA,NA,NA,NA,NA
"mangroves","Gray's Reef",2,0,NA,NA,NA,NA,NA,NA,NA,NA,NA
"mangroves","Greater Farallones",233,0,NA,NA,NA,NA,NA,NA,NA,NA,NA
"mangroves","Hawaiian Islands Humpback Whale",86,0,NA,NA,NA,NA,NA,NA,NA,NA,NA
"mangroves","Lake Ontario",116,0,NA,NA,NA,NA,NA,NA,NA,NA,NA
"mangroves","Mallows Bay-Potomac River",1,0,NA,NA,NA,NA,NA,NA,NA,NA,NA
"mangroves","Monterey Bay",417,0,NA,NA,NA,NA,NA,NA,NA,NA,NA
"mangroves","Olympic Coast",265,0,NA,NA,NA,NA,NA,NA,NA,NA,NA
"mangroves","Papahānaumokuākea",39394,0,NA,NA,NA,NA,NA,NA,NA,NA,NA
"mangroves","Stellwagen Bank",61,0,NA,NA,NA,NA,NA,NA,NA,NA,NA
"mangroves","Thunder Bay",282,0,NA,NA,NA,NA,NA,NA,NA,NA,NA
"mangroves","Wisconsin Shipwreck Coast",65,0,NA,NA,NA,NA,NA,NA,NA,NA,NA
"marineMammals","American Samoa",927,2,2,1,0,1,1,NA,1,1,1
"marineMammals","Channel Islands",97,97,10069,22,1.63267200221948,0.259386822443661,0.346012513655775,7.20839290459754,5.11753051915266,3.85524596268648,2.89006888633754
"marineMammals","Chumash Heritage",300,259,3518,25,2.34240121081443,0.141344715926959,0.252984650369528,12.8791309396374,10.4061940523387,7.07490190518874,3.95280898876404
"marineMammals","Cordell Bank",89,84,3172,17,1.11333140301931,0.484705390324227,0.659836065573771,5.94403041390879,3.04448392189432,2.0631088903944,1.51552795031056
"marineMammals","Florida Keys",303,52,775,6,0.738183385980077,0.502624765868887,0.571612903225806,2.43552910650684,2.09213146494489,1.98955576387348,1.74943566591422
"marineMammals","Flower Garden Banks",8,1,1,1,0,1,1,NA,1,1,1
"marineMammals","Gray's Reef",2,2,16,2,0.376770161256437,0.78125,0.875,NA,1.45756926498109,1.28,1.14285714285714
"marineMammals","Greater Farallones",233,216,6716,28,1.53325093737179,0.393196613671103,0.599315068493151,9.23823095307418,4.633214656205,2.54325689802728,1.66857142857143
"marineMammals","Hawaiian Islands Humpback Whale",86,86,33027,10,0.119270162329619,0.962221563557595,0.980864141460018,1.82045806134165,1.12667426211876,1.03926168137693,1.01950918351597
"marineMammals","Lake Ontario",116,0,NA,NA,NA,NA,NA,NA,NA,NA,NA
"marineMammals","Mallows Bay-Potomac River",1,0,NA,NA,NA,NA,NA,NA,NA,NA,NA
"marineMammals","Monterey Bay",417,388,78950,26,1.29679973212511,0.43030623866686,0.616466117796073,7.02712275632463,3.65757270528657,2.32392633464511,1.62214916786521
"marineMammals","Olympic Coast",265,220,2477,17,1.29974894868926,0.489804383615496,0.689140088817118,8.21518990512264,3.66837560150362,2.04163138071262,1.45108377270064
"marineMammals","Papahānaumokuākea",39394,615,728,25,2.27294922254331,0.174544891921266,0.342032967032967,13.2896285334182,9.70798965786883,5.72918513393726,2.92369477911647
"marineMammals","Stellwagen Bank",61,61,13557,16,1.43519575352632,0.339994680624426,0.530648373533968,6.55932781765904,4.20046718457698,2.9412224866678,1.88448707256047
"marineMammals","Thunder Bay",282,0,NA,NA,NA,NA,NA,NA,NA,NA,NA
"marineMammals","Wisconsin Shipwreck Coast",65,0,NA,NA,NA,NA,NA,NA,NA,NA,NA
"seabirds","American Samoa",927,3,12,8,2.0228085294147,0.138888888888889,0.166666666666667,NA,7.55952629936924,7.2,6
"seabirds","Channel Islands",97,95,10946,97,2.6352226490531,0.174299533790935,0.386899323953956,17.1397480547096,13.9464172741086,5.73724999861136,2.58465171192444
"seabirds","Chumash Heritage",300,265,15825,126,3.43641917218819,0.0592214590368091,0.153238546603476,23.4297047534185,31.0754827473929,16.8857710746108,6.52577319587629
"seabirds","Cordell Bank",89,86,4918,57,2.57579484354242,0.115987514472816,0.240544936966246,14.2003007293309,13.1417586502634,8.62161763311492,4.15722738799662
"seabirds","Florida Keys",303,178,4344,68,3.00744434072536,0.0947679998914699,0.24585635359116,19.9094305339134,20.2356184395646,10.5520851040986,4.06741573033708
"seabirds","Flower Garden Banks",8,1,1,1,0,1,1,NA,1,1,1
"seabirds","Gray's Reef",2,1,2,1,0,1,1,NA,1,1,1
"seabirds","Greater Farallones",233,226,20793,131,3.127956278579,0.0937443342193331,0.22219016015005,20.6050226170429,22.8272792379276,10.6673113455615,4.50064935064935
"seabirds","Hawaiian Islands Humpback Whale",86,50,3263,34,2.29453431739109,0.136608613989315,0.244560220655838,11.6291306396012,9.91981545097225,7.32018260633416,4.08897243107769
"seabirds","Lake Ontario",116,25,327,47,3.06557835517452,0.0811285993509712,0.214067278287462,21.0187997345641,21.4468623047332,12.3261095100865,4.67142857142857
"seabirds","Mallows Bay-Potomac River",1,1,81,20,2.18652823944929,0.203170248437738,0.407407407407407,15.2111894649831,8.9042459806364,4.92198049512378,2.45454545454545
"seabirds","Monterey Bay",417,392,50108,147,3.55752038500798,0.053388528467502,0.12353316835635,24.7955259106452,35.0761139652966,18.7306155218102,8.09499192245557
"seabirds","Olympic Coast",265,180,4814,86,3.16278162608132,0.0694150612161696,0.153718321562111,20.6469794756813,23.6362517861449,14.4060954853276,6.5054054054054
"seabirds","Papahānaumokuākea",39394,4169,10234,73,1.44115063289826,0.379364458537527,0.451924956028923,7.74894757664694,4.225555083537,2.63598757736837,2.21275675675676
"seabirds","Stellwagen Bank",61,61,4743,58,2.4635441310005,0.135717743146808,0.232974910394265,13.4752951241086,11.7463685236124,7.36823334085571,4.29230769230769
"seabirds","Thunder Bay",282,17,49,19,2.61472243500914,0.092877967513536,0.163265306122449,NA,13.6634233635331,10.7668161434978,6.125
"seabirds","Wisconsin Shipwreck Coast",65,16,343,52,3.3597313761527,0.0533196202262663,0.131195335276968,24.2814273975295,28.7814584546314,18.7548222541049,7.62222222222222
"seagrasses","American Samoa",927,0,NA,NA,NA,NA,NA,NA,NA,NA,NA
"seagrasses","Channel Islands",97,8,18,1,0,1,1,NA,1,1,1
"seagrasses","Chumash Heritage",300,5,21,1,0,1,1,NA,1,1,1
"seagrasses","Cordell Bank",89,0,NA,NA,NA,NA,NA,NA,NA,NA,NA
"seagrasses","Florida Keys",303,9,411,4,0.868462724033157,0.487464554436689,0.635036496350365,3.1130322699864,2.3832443317841,2.0514312084816,1.57471264367816
"seagrasses","Flower Garden Banks",8,0,NA,NA,NA,NA,NA,NA,NA,NA,NA
"seagrasses","Gray's Reef",2,0,NA,NA,NA,NA,NA,NA,NA,NA,NA
"seagrasses","Greater Farallones",233,5,21,4,0.99617823758734,0.482993197278912,0.666666666666667,NA,2.70791302730772,2.07042253521127,1.5
"seagrasses","Hawaiian Islands Humpback Whale",86,1,2,1,0,1,1,NA,1,1,1
"seagrasses","Lake Ontario",116,0,NA,NA,NA,NA,NA,NA,NA,NA,NA
"seagrasses","Mallows Bay-Potomac River",1,0,NA,NA,NA,NA,NA,NA,NA,NA,NA
"seagrasses","Monterey Bay",417,11,34,3,0.631622897986536,0.655709342560554,0.794117647058823,NA,1.88066022365445,1.52506596306069,1.25925925925926
"seagrasses","Olympic Coast",265,1,4,1,0,1,1,NA,1,1,1
"seagrasses","Papahānaumokuākea",39394,2,2,1,0,1,1,NA,1,1,1
"seagrasses","Stellwagen Bank",61,0,NA,NA,NA,NA,NA,NA,NA,NA,NA
"seagrasses","Thunder Bay",282,0,NA,NA,NA,NA,NA,NA,NA,NA,NA
"seagrasses","Wisconsin Shipwreck Coast",65,0,NA,NA,NA,NA,NA,NA,NA,NA,NA
"seaTurtles","American Samoa",927,0,NA,NA,NA,NA,NA,NA,NA,NA,NA
"seaTurtles","Channel Islands",97,0,NA,NA,NA,NA,NA,NA,NA,NA,NA
"seaTurtles","Chumash Heritage",300,5,5,2,0.500402423538188,0.68,0.8,NA,1.64938488846612,1.47058823529412,1.25
"seaTurtles","Cordell Bank",89,0,NA,NA,NA,NA,NA,NA,NA,NA,NA
"seaTurtles","Florida Keys",303,68,157,5,0.919938531354498,0.512191163941742,0.67515923566879,4.35161286017393,2.5091361519953,1.95239603960396,1.4811320754717
"seaTurtles","Flower Garden Banks",8,0,NA,NA,NA,NA,NA,NA,NA,NA,NA
"seaTurtles","Gray's Reef",2,2,10,3,0.943348392329039,0.42,0.5,NA,2.56856760741556,2.38095238095238,2
"seaTurtles","Greater Farallones",233,9,9,1,0,1,1,NA,1,1,1
"seaTurtles","Hawaiian Islands Humpback Whale",86,18,39,1,0,1,1,NA,1,1,1
"seaTurtles","Lake Ontario",116,0,NA,NA,NA,NA,NA,NA,NA,NA,NA
"seaTurtles","Mallows Bay-Potomac River",1,0,NA,NA,NA,NA,NA,NA,NA,NA,NA
"seaTurtles","Monterey Bay",417,14,19,1,0,1,1,NA,1,1,1
"seaTurtles","Olympic Coast",265,7,10,1,0,1,1,NA,1,1,1
"seaTurtles","Papahānaumokuākea",39394,389,466,4,0.866317391670321,0.484029913978891,0.618025751072961,3.25579824993231,2.3781369610533,2.06598801255827,1.61805555555556
"seaTurtles","Stellwagen Bank",61,3,4,2,0.693147180559945,0.5,0.5,NA,2,2,2
"seaTurtles","Thunder Bay",282,0,NA,NA,NA,NA,NA,NA,NA,NA,NA
"seaTurtles","Wisconsin Shipwreck Coast",65,0,NA,NA,NA,NA,NA,NA,NA,NA,NA
